{"accuracy": [0.10112359374761581, 0.3020866811275482, 0.5110754370689392, 0.6744783520698547, 0.8211877942085266, 0.8892455697059631, 0.9367576241493225, 0.9646869897842407, 0.9749598503112793, 0.9820224642753601, 0.9861958026885986, 0.9842696785926819, 0.9845907092094421, 0.9865168333053589, 0.9868378639221191, 0.9887640476226807, 0.9884430170059204, 0.9897271394729614, 0.9865168333053589, 0.9894061088562012, 0.9894061088562012, 0.9890850782394409, 0.9887640476226807, 0.9894061088562012, 0.9897271394729614, 0.9894061088562012, 0.9903692007064819, 0.9884430170059204, 0.9897271394729614, 0.9894061088562012], "loss": [3.31567645072937, 2.426967144012451, 1.7711941003799438, 1.2377790212631226, 0.767221212387085, 0.48674413561820984, 0.3089860677719116, 0.1837271898984909, 0.1388976275920868, 0.11090771108865738, 0.0929863378405571, 0.07735782116651535, 0.08001422137022018, 0.07411490380764008, 0.07440342009067535, 0.06684351712465286, 0.06759300082921982, 0.06002133712172508, 0.06352147459983826, 0.05427604168653488, 0.060582637786865234, 0.051784686744213104, 0.04746844619512558, 0.049700796604156494, 0.0432267040014267, 0.0447712168097496, 0.03783676400780678, 0.048876360058784485, 0.04250780865550041, 0.04022302106022835], "val_accuracy": [0.3076923191547394, 0.6467236280441284, 0.7606837749481201, 0.8717948794364929, 0.9287749528884888, 0.9487179517745972, 0.9572649598121643, 0.934472918510437, 0.9487179517745972, 0.9572649598121643, 0.9601139426231384, 0.9544159770011902, 0.9572649598121643, 0.9544159770011902, 0.9544159770011902, 0.9601139426231384, 0.9544159770011902, 0.9572649598121643, 0.9544159770011902, 0.9515669345855713, 0.9572649598121643, 0.9572649598121643, 0.9601139426231384, 0.9601139426231384, 0.9572649598121643, 0.9572649598121643, 0.9544159770011902, 0.9629629850387573, 0.9515669345855713, 0.9572649598121643], "val_loss": [2.5454907417297363, 1.455116629600525, 1.0285037755966187, 0.5815486907958984, 0.4025443196296692, 0.3078199625015259, 0.27096882462501526, 0.28867238759994507, 0.22311969101428986, 0.2330741286277771, 0.23704595863819122, 0.24103309214115143, 0.27019330859184265, 0.23583094775676727, 0.27005305886268616, 0.2432025521993637, 0.28434833884239197, 0.25950753688812256, 0.2714896500110626, 0.3192920386791229, 0.22002889215946198, 0.24678489565849304, 0.27065372467041016, 0.2495531290769577, 0.26443567872047424, 0.2924472391605377, 0.2652069926261902, 0.2859262228012085, 0.277885764837265, 0.27990779280662537]}